Date;Time;CO(GT);NO2(GT);NOx(GT);PT08.S5(O3);T;RH;AH
01/01/2024;00.00.00;5.2;94.0;141.0;692.0;23.6;64.4;0.99
01/01/2024;01.00.00;5.0;90.0;135.0;880.0;18.3;63.3;0.54
01/01/2024;02.00.00;5.5;83.0;124.0;873.0;18.8;64.2;1.48
01/01/2024;03.00.00;6.1;78.0;117.0;1034.0;23.8;64.2;0.88
01/01/2024;04.00.00;5.4;94.0;142.0;843.0;24.3;52.7;0.65
01/01/2024;05.00.00;5.6;95.0;143.0;1220.0;24.4;58.2;1.17
01/01/2024;06.00.00;6.8;104.0;156.0;1200.0;27.0;57.2;0.78
01/01/2024;07.00.00;6.6;105.0;158.0;1056.0;23.0;39.0;1.09
01/01/2024;08.00.00;6.3;113.0;169.0;1252.0;24.5;43.9;1.09
01/01/2024;09.00.00;7.0;100.0;150.0;1233.0;22.8;37.9;0.95
01/01/2024;10.00.00;6.6;121.0;182.0;743.0;20.7;40.5;1.34
01/01/2024;11.00.00;6.7;111.0;167.0;781.0;21.2;29.4;0.76
01/01/2024;12.00.00;7.1;131.0;196.0;677.0;21.7;43.1;0.95
01/01/2024;13.00.00;6.0;103.0;154.0;546.0;22.9;27.5;1.04
01/01/2024;14.00.00;6.0;125.0;188.0;733.0;18.7;35.8;1.16
01/01/2024;15.00.00;6.4;108.0;161.0;500.0;11.4;41.6;1.28
01/01/2024;16.00.00;6.0;96.0;144.0;500.0;15.6;39.1;0.89
01/01/2024;17.00.00;6.4;94.0;141.0;500.0;15.3;41.9;1.15
01/01/2024;18.00.00;5.5;92.0;138.0;502.0;16.9;51.1;0.65
01/01/2024;19.00.00;5.0;95.0;143.0;500.0;15.5;54.3;1.43
01/01/2024;20.00.00;6.2;93.0;139.0;500.0;18.2;57.5;0.88
01/01/2024;21.00.00;5.2;79.0;118.0;562.0;17.2;64.9;1.23
01/01/2024;22.00.00;5.2;82.0;123.0;818.0;20.6;61.0;0.52
01/01/2024;23.00.00;4.3;102.0;153.0;500.0;17.8;66.1;0.71
02/01/2024;00.00.00;4.7;97.0;146.0;500.0;20.3;62.5;0.99
02/01/2024;01.00.00;5.1;85.0;127.0;933.0;22.9;60.2;1.38
02/01/2024;02.00.00;4.6;82.0;124.0;1288.0;21.4;61.6;1.03
02/01/2024;03.00.00;5.5;86.0;128.0;1281.0;22.0;58.1;1.43
02/01/2024;04.00.00;5.2;94.0;140.0;1180.0;23.1;55.3;0.98
02/01/2024;05.00.00;5.6;81.0;121.0;1108.0;23.3;59.7;0.99
02/01/2024;06.00.00;5.7;92.0;139.0;1329.0;26.0;48.7;0.62
02/01/2024;07.00.00;7.2;82.0;123.0;1031.0;21.2;42.8;1.3
02/01/2024;08.00.00;6.5;106.0;160.0;1223.0;21.2;42.6;0.75
02/01/2024;09.00.00;6.2;112.0;168.0;1164.0;27.3;39.9;1.4
02/01/2024;10.00.00;7.3;103.0;155.0;1170.0;21.0;31.1;1.41
02/01/2024;11.00.00;6.4;125.0;188.0;1345.0;21.7;34.0;1.44
02/01/2024;12.00.00;7.1;98.0;147.0;863.0;17.0;33.3;1.02
02/01/2024;13.00.00;6.0;95.0;142.0;615.0;18.9;34.7;1.18
02/01/2024;14.00.00;6.2;110.0;165.0;596.0;16.1;40.6;1.28
02/01/2024;15.00.00;6.8;116.0;174.0;500.0;13.3;40.1;0.63
02/01/2024;16.00.00;15.0;239.0;358.0;500.0;18.3;48.6;1.1
02/01/2024;17.00.00;6.3;94.0;141.0;500.0;17.5;46.1;0.53
02/01/2024;18.00.00;5.9;106.0;159.0;500.0;14.8;58.9;1.0
02/01/2024;19.00.00;5.6;91.0;136.0;500.0;17.2;51.6;0.65
02/01/2024;20.00.00;4.8;86.0;129.0;500.0;19.5;53.7;0.68
02/01/2024;21.00.00;4.9;93.0;140.0;697.0;18.0;63.3;0.87
02/01/2024;22.00.00;4.9;89.0;133.0;600.0;18.5;69.8;0.93
02/01/2024;23.00.00;5.6;65.0;97.0;695.0;19.1;57.6;1.12
03/01/2024;00.00.00;5.2;95.0;142.0;748.0;21.3;64.0;0.57
03/01/2024;01.00.00;4.2;94.0;141.0;928.0;20.6;61.4;1.0
03/01/2024;02.00.00;5.3;76.0;114.0;1132.0;21.9;63.7;0.68
03/01/2024;03.00.00;5.1;88.0;133.0;944.0;24.4;60.7;1.07
03/01/2024;04.00.00;5.2;92.0;139.0;1041.0;23.4;64.2;1.14
03/01/2024;05.00.00;6.0;94.0;141.0;1138.0;24.1;53.3;1.06
03/01/2024;06.00.00;6.5;89.0;134.0;985.0;25.0;56.9;1.24
03/01/2024;07.00.00;6.7;92.0;138.0;1055.0;27.1;44.5;0.84
03/01/2024;08.00.00;15.0;204.0;307.0;1070.0;22.1;47.1;1.27
03/01/2024;09.00.00;6.6;117.0;176.0;1223.0;25.1;40.5;0.93
03/01/2024;10.00.00;7.0;113.0;170.0;1042.0;24.1;45.7;0.98
03/01/2024;11.00.00;7.5;106.0;159.0;935.0;22.9;28.1;1.15
03/01/2024;12.00.00;15.0;235.0;353.0;936.0;18.4;29.2;0.52
03/01/2024;13.00.00;15.0;162.0;243.0;674.0;15.3;44.7;1.15
03/01/2024;14.00.00;6.3;119.0;179.0;662.0;18.6;33.3;1.12
03/01/2024;15.00.00;6.1;88.0;132.0;501.0;16.8;36.0;0.81
03/01/2024;16.00.00;6.9;99.0;148.0;500.0;17.7;38.1;0.59
03/01/2024;17.00.00;6.9;88.0;132.0;500.0;13.8;51.9;0.59
03/01/2024;18.00.00;6.0;82.0;123.0;500.0;16.5;43.7;1.42
03/01/2024;19.00.00;6.2;103.0;154.0;500.0;17.3;54.0;1.19
03/01/2024;20.00.00;5.7;83.0;124.0;681.0;15.5;56.2;0.63
03/01/2024;21.00.00;5.0;88.0;132.0;665.0;17.3;65.8;0.86
03/01/2024;22.00.00;5.3;82.0;122.0;754.0;18.3;60.2;1.09
03/01/2024;23.00.00;5.8;85.0;128.0;894.0;17.1;66.6;1.34
04/01/2024;00.00.00;5.0;81.0;121.0;814.0;21.1;59.1;0.54
04/01/2024;01.00.00;5.8;68.0;102.0;935.0;24.5;75.9;0.74
04/01/2024;02.00.00;3.8;92.0;138.0;901.0;22.5;61.8;1.39
04/01/2024;03.00.00;5.7;79.0;119.0;1032.0;20.6;60.7;0.51
04/01/2024;04.00.00;5.5;72.0;108.0;1245.0;23.0;65.8;0.7
04/01/2024;05.00.00;5.6;87.0;130.0;1379.0;21.3;50.9;1.46
04/01/2024;06.00.00;6.0;110.0;165.0;1178.0;27.6;58.3;1.11
04/01/2024;07.00.00;5.3;107.0;161.0;1114.0;26.4;44.1;0.76
04/01/2024;08.00.00;15.0;198.0;297.0;1146.0;23.3;45.9;0.57
04/01/2024;09.00.00;6.9;102.0;153.0;1179.0;20.7;36.5;0.53
04/01/2024;10.00.00;7.6;105.0;157.0;769.0;20.8;30.2;0.74
04/01/2024;11.00.00;6.7;130.0;195.0;536.0;20.0;37.6;1.38
04/01/2024;12.00.00;6.6;114.0;171.0;712.0;20.2;38.2;0.92
04/01/2024;13.00.00;6.7;114.0;171.0;501.0;18.9;28.9;1.22
04/01/2024;14.00.00;7.3;118.0;177.0;519.0;20.2;35.5;1.42
04/01/2024;15.00.00;6.9;108.0;162.0;500.0;15.1;45.4;0.91
04/01/2024;16.00.00;6.2;100.0;150.0;500.0;12.7;45.5;0.69
04/01/2024;17.00.00;6.5;97.0;145.0;646.0;12.9;44.1;1.02
04/01/2024;18.00.00;15.0;189.0;283.0;500.0;15.0;47.0;1.41
04/01/2024;19.00.00;6.2;91.0;136.0;500.0;13.7;63.6;1.3
04/01/2024;20.00.00;5.1;95.0;142.0;553.0;15.1;50.3;0.57
04/01/2024;21.00.00;5.1;85.0;127.0;500.0;15.6;60.3;1.19
04/01/2024;22.00.00;4.9;89.0;134.0;766.0;19.5;55.7;1.07
04/01/2024;23.00.00;4.3;80.0;120.0;684.0;17.5;71.1;1.41
05/01/2024;00.00.00;5.1;81.0;121.0;907.0;19.2;65.0;0.62
05/01/2024;01.00.00;5.2;61.0;91.0;732.0;22.7;65.4;1.03
05/01/2024;02.00.00;5.1;91.0;137.0;751.0;21.4;76.8;1.38
05/01/2024;03.00.00;12.9;176.0;264.0;1214.0;24.4;57.6;0.91
05/01/2024;04.00.00;4.8;97.0;146.0;1207.0;25.0;66.2;0.98
05/01/2024;05.00.00;5.5;62.0;93.0;1042.0;25.1;51.9;0.57
05/01/2024;06.00.00;5.8;116.0;174.0;1061.0;22.7;48.8;0.78
05/01/2024;07.00.00;5.9;97.0;146.0;1366.0;27.3;59.3;0.82
05/01/2024;08.00.00;15.0;227.0;341.0;956.0;28.8;41.7;1.45
05/01/2024;09.00.00;6.9;95.0;143.0;1346.0;23.6;32.5;0.78
05/01/2024;10.00.00;7.8;114.0;171.0;856.0;20.4;38.4;0.96
05/01/2024;11.00.00;7.1;99.0;148.0;1006.0;21.4;34.6;1.17
05/01/2024;12.00.00;7.1;104.0;156.0;747.0;22.0;36.8;0.66
05/01/2024;13.00.00;6.9;129.0;193.0;793.0;17.5;34.8;0.99
05/01/2024;14.00.00;5.9;106.0;159.0;513.0;17.2;48.1;1.24
05/01/2024;15.00.00;6.7;108.0;162.0;500.0;17.1;42.2;1.37
05/01/2024;16.00.00;6.5;111.0;167.0;500.0;18.1;37.1;1.13
05/01/2024;17.00.00;7.5;104.0;156.0;500.0;16.7;46.7;1.17
05/01/2024;18.00.00;5.9;97.0;145.0;519.0;16.6;46.0;0.63
05/01/2024;19.00.00;5.9;95.0;142.0;500.0;14.3;52.6;1.45
05/01/2024;20.00.00;5.5;112.0;167.0;500.0;16.5;52.9;0.63
05/01/2024;21.00.00;4.7;84.0;126.0;500.0;15.0;71.1;1.27
05/01/2024;22.00.00;5.7;84.0;126.0;500.0;19.2;59.5;0.76
05/01/2024;23.00.00;13.5;182.0;273.0;666.0;21.0;67.9;1.43
06/01/2024;00.00.00;5.4;91.0;137.0;1186.0;21.1;63.4;1.22
06/01/2024;01.00.00;4.6;92.0;139.0;1029.0;20.6;58.7;1.25
06/01/2024;02.00.00;5.8;88.0;133.0;997.0;22.1;64.0;0.72
06/01/2024;03.00.00;4.6;73.0;109.0;1041.0;27.1;62.6;0.94
06/01/2024;04.00.00;5.8;104.0;156.0;1150.0;23.6;60.3;1.12
06/01/2024;05.00.00;15.0;159.0;239.0;1274.0;26.9;40.8;1.27
06/01/2024;06.00.00;5.5;98.0;147.0;1011.0;25.7;43.8;0.6
06/01/2024;07.00.00;6.0;91.0;137.0;1365.0;24.2;50.9;1.46
06/01/2024;08.00.00;6.5;102.0;153.0;1261.0;21.6;37.9;1.39
06/01/2024;09.00.00;6.5;109.0;163.0;1198.0;24.0;40.4;0.77
06/01/2024;10.00.00;6.1;111.0;167.0;1070.0;22.7;30.7;1.32
06/01/2024;11.00.00;7.0;114.0;171.0;907.0;24.9;39.2;1.02
06/01/2024;12.00.00;6.5;126.0;189.0;908.0;18.3;39.7;0.96
06/01/2024;13.00.00;7.2;114.0;171.0;791.0;23.3;39.2;0.81
06/01/2024;14.00.00;6.4;106.0;158.0;543.0;18.3;42.2;1.08
06/01/2024;15.00.00;7.5;115.0;173.0;500.0;17.2;47.2;1.23
06/01/2024;16.00.00;6.1;114.0;172.0;500.0;14.5;36.6;0.91
06/01/2024;17.00.00;6.1;87.0;130.0;661.0;15.8;42.2;1.13
06/01/2024;18.00.00;6.4;101.0;151.0;500.0;15.9;54.5;1.2
06/01/2024;19.00.00;5.1;98.0;147.0;500.0;17.0;59.5;1.21
06/01/2024;20.00.00;5.6;85.0;127.0;500.0;13.7;54.1;0.55
06/01/2024;21.00.00;5.9;98.0;147.0;525.0;19.3;56.9;1.36
06/01/2024;22.00.00;10.8;161.0;242.0;628.0;18.2;59.7;0.96
06/01/2024;23.00.00;5.1;82.0;123.0;736.0;19.9;56.5;0.76
07/01/2024;00.00.00;5.1;78.0;117.0;764.0;19.6;58.6;0.74
07/01/2024;01.00.00;5.4;81.0;121.0;1142.0;19.4;58.3;0.98
07/01/2024;02.00.00;4.5;71.0;107.0;744.0;22.6;61.5;1.39
07/01/2024;03.00.00;4.6;70.0;105.0;950.0;23.9;62.0;0.88
07/01/2024;04.00.00;5.8;103.0;155.0;1130.0;21.6;59.7;1.25
07/01/2024;05.00.00;5.9;83.0;124.0;923.0;26.4;51.3;0.6
07/01/2024;06.00.00;15.0;170.0;255.0;1172.0;27.0;47.6;0.98
07/01/2024;07.00.00;6.4;77.0;116.0;1452.0;23.4;46.7;1.49
07/01/2024;08.00.00;15.0;192.0;288.0;1150.0;22.3;35.0;1.27
07/01/2024;09.00.00;6.8;92.0;139.0;1120.0;22.9;44.2;0.71
07/01/2024;10.00.00;7.0;124.0;187.0;798.0;22.5;43.4;1.0
07/01/2024;11.00.00;6.6;120.0;179.0;805.0;20.8;32.4;0.73
07/01/2024;12.00.00;7.9;103.0;155.0;740.0;19.9;33.0;0.91
07/01/2024;13.00.00;7.2;132.0;198.0;646.0;19.1;41.7;1.28
07/01/2024;14.00.00;6.3;118.0;177.0;805.0;14.8;36.4;1.27
07/01/2024;15.00.00;7.0;102.0;154.0;606.0;14.0;42.3;0.73
07/01/2024;16.00.00;6.0;78.0;116.0;500.0;10.2;42.0;1.42
07/01/2024;17.00.00;6.7;122.0;183.0;500.0;17.1;53.9;1.09
07/01/2024;18.00.00;6.6;81.0;122.0;500.0;15.0;52.5;0.88
07/01/2024;19.00.00;5.3;75.0;112.0;596.0;17.3;56.6;1.0
07/01/2024;20.00.00;6.0;98.0;147.0;706.0;13.4;60.3;1.11
07/01/2024;21.00.00;5.5;109.0;163.0;500.0;16.5;57.8;1.06
07/01/2024;22.00.00;5.5;96.0;144.0;500.0;17.9;60.7;0.99
07/01/2024;23.00.00;6.0;86.0;129.0;500.0;17.6;68.3;1.0
08/01/2024;00.00.00;4.9;86.0;129.0;763.0;16.9;65.6;0.68
08/01/2024;01.00.00;4.7;89.0;134.0;978.0;24.8;58.6;1.31
08/01/2024;02.00.00;4.7;90.0;134.0;1158.0;25.3;72.4;1.04
08/01/2024;03.00.00;4.9;87.0;131.0;1071.0;22.8;65.5;0.63
08/01/2024;04.00.00;5.5;89.0;133.0;1095.0;25.4;57.7;1.27
08/01/2024;05.00.00;5.9;90.0;136.0;1211.0;23.9;52.5;1.43
08/01/2024;06.00.00;6.1;87.0;131.0;1066.0;23.0;51.0;1.45
08/01/2024;07.00.00;6.7;96.0;144.0;1521.0;28.5;48.7;0.87
08/01/2024;08.00.00;6.5;86.0;128.0;889.0;21.0;32.3;0.64
08/01/2024;09.00.00;7.4;105.0;157.0;1112.0;23.0;50.0;1.02
08/01/2024;10.00.00;6.7;98.0;147.0;1324.0;22.7;33.1;0.61
08/01/2024;11.00.00;8.3;98.0;148.0;905.0;24.6;35.5;1.43
08/01/2024;12.00.00;7.3;112.0;168.0;770.0;21.8;35.2;0.68
08/01/2024;13.00.00;6.5;123.0;185.0;639.0;15.4;45.5;0.75
08/01/2024;14.00.00;6.3;117.0;176.0;571.0;17.5;36.6;0.91
08/01/2024;15.00.00;6.9;90.0;135.0;737.0;16.5;47.3;0.88
08/01/2024;16.00.00;6.4;93.0;139.0;500.0;15.2;44.5;1.29
08/01/2024;17.00.00;6.6;108.0;162.0;659.0;16.4;41.3;0.96
08/01/2024;18.00.00;6.2;85.0;128.0;500.0;12.2;50.7;0.67
08/01/2024;19.00.00;5.7;89.0;133.0;500.0;14.4;53.3;0.77
08/01/2024;20.00.00;5.1;93.0;140.0;500.0;16.6;52.1;1.01
08/01/2024;21.00.00;4.5;75.0;112.0;611.0;17.8;62.4;0.65
08/01/2024;22.00.00;4.9;83.0;125.0;500.0;17.8;63.1;1.11
08/01/2024;23.00.00;5.5;67.0;101.0;770.0;18.1;67.3;1.07
09/01/2024;00.00.00;5.1;74.0;111.0;1124.0;19.8;66.0;1.21
09/01/2024;01.00.00;4.4;84.0;126.0;685.0;22.8;61.2;1.44
09/01/2024;02.00.00;5.2;66.0;99.0;1030.0;22.6;66.8;1.41
09/01/2024;03.00.00;5.5;89.0;133.0;977.0;21.5;57.5;1.45
09/01/2024;04.00.00;5.1;87.0;131.0;1215.0;21.9;42.0;0.74
09/01/2024;05.00.00;5.8;97.0;145.0;1189.0;21.9;54.5;0.63
09/01/2024;06.00.00;6.0;97.0;146.0;1097.0;27.9;47.2;0.8
09/01/2024;07.00.00;5.7;113.0;169.0;1264.0;26.4;48.0;1.4
09/01/2024;08.00.00;6.7;104.0;156.0;1435.0;24.1;52.5;1.47
09/01/2024;09.00.00;7.0;101.0;152.0;1052.0;22.6;49.5;1.36
09/01/2024;10.00.00;7.4;109.0;164.0;1115.0;21.4;36.2;0.61
09/01/2024;11.00.00;7.5;115.0;172.0;697.0;23.5;31.4;1.45
09/01/2024;12.00.00;6.3;110.0;166.0;647.0;23.8;37.9;0.92
09/01/2024;13.00.00;6.5;110.0;165.0;772.0;17.5;33.7;0.51
09/01/2024;14.00.00;7.1;101.0;151.0;837.0;19.8;39.0;0.94
09/01/2024;15.00.00;7.0;99.0;148.0;574.0;16.5;36.1;0.55
09/01/2024;16.00.00;6.8;88.0;133.0;500.0;15.2;43.8;1.04
09/01/2024;17.00.00;8.2;116.0;175.0;500.0;18.2;42.1;0.84
09/01/2024;18.00.00;6.3;83.0;124.0;500.0;15.0;55.9;0.97
09/01/2024;19.00.00;6.3;84.0;126.0;510.0;15.8;50.9;1.11
09/01/2024;20.00.00;6.0;80.0;120.0;595.0;16.2;60.8;1.37
09/01/2024;21.00.00;5.6;93.0;140.0;500.0;13.2;54.3;1.16
09/01/2024;22.00.00;5.0;79.0;119.0;525.0;18.1;66.9;0.93
09/01/2024;23.00.00;5.4;93.0;139.0;739.0;17.6;59.7;1.32
10/01/2024;00.00.00;4.6;73.0;110.0;730.0;17.2;66.3;1.41
10/01/2024;01.00.00;4.9;83.0;125.0;893.0;20.3;69.6;0.62
10/01/2024;02.00.00;4.9;74.0;110.0;1336.0;21.4;62.0;1.03
10/01/2024;03.00.00;5.3;106.0;159.0;1043.0;25.6;55.5;0.78
10/01/2024;04.00.00;6.7;76.0;113.0;1089.0;22.2;60.0;0.55
10/01/2024;05.00.00;4.8;94.0;141.0;1083.0;23.2;49.7;1.17
10/01/2024;06.00.00;6.3;101.0;152.0;1319.0;25.5;48.0;1.36
10/01/2024;07.00.00;5.5;103.0;155.0;1157.0;22.2;47.4;0.66
10/01/2024;08.00.00;6.3;101.0;151.0;1043.0;23.0;49.3;1.31
10/01/2024;09.00.00;7.3;104.0;156.0;1294.0;20.2;39.5;1.35
10/01/2024;10.00.00;6.9;108.0;163.0;1227.0;24.3;37.1;1.41
10/01/2024;11.00.00;6.4;108.0;162.0;807.0;20.7;39.2;0.77
10/01/2024;12.00.00;6.6;120.0;179.0;501.0;20.0;35.3;1.4
10/01/2024;13.00.00;7.3;132.0;197.0;858.0;20.5;38.7;0.82
10/01/2024;14.00.00;6.5;102.0;154.0;500.0;16.1;42.4;1.05
10/01/2024;15.00.00;6.8;92.0;138.0;644.0;15.8;37.8;0.55
10/01/2024;16.00.00;6.5;102.0;152.0;500.0;13.6;26.1;0.54
10/01/2024;17.00.00;5.9;125.0;187.0;556.0;13.1;42.0;1.22
10/01/2024;18.00.00;7.1;87.0;130.0;500.0;13.2;56.0;0.94
10/01/2024;19.00.00;6.1;108.0;161.0;531.0;14.2;53.7;0.76
10/01/2024;20.00.00;4.5;104.0;156.0;500.0;14.9;55.8;0.69
10/01/2024;21.00.00;5.4;79.0;118.0;500.0;17.0;66.4;1.17
10/01/2024;22.00.00;4.8;88.0;132.0;535.0;15.7;62.5;0.5
10/01/2024;23.00.00;5.5;97.0;145.0;806.0;19.3;54.0;1.31
11/01/2024;00.00.00;4.6;76.0;114.0;817.0;21.0;57.5;0.58
11/01/2024;01.00.00;5.0;78.0;118.0;997.0;20.4;66.6;0.69
11/01/2024;02.00.00;5.4;76.0;114.0;1316.0;20.9;62.7;0.89
11/01/2024;03.00.00;5.7;74.0;111.0;833.0;23.7;67.9;0.98
11/01/2024;04.00.00;4.9;81.0;122.0;1405.0;23.9;53.8;0.85
11/01/2024;05.00.00;5.6;79.0;118.0;1203.0;25.3;52.3;0.82
11/01/2024;06.00.00;5.8;95.0;143.0;1056.0;28.1;45.6;1.46
11/01/2024;07.00.00;5.9;91.0;137.0;974.0;25.0;43.5;1.14
11/01/2024;08.00.00;7.4;105.0;157.0;1116.0;23.1;33.0;0.52
11/01/2024;09.00.00;6.9;90.0;135.0;1230.0;21.8;37.5;0.93
11/01/2024;10.00.00;6.2;111.0;167.0;980.0;20.8;36.8;1.38
11/01/2024;11.00.00;7.4;118.0;177.0;1145.0;18.4;34.8;0.8
11/01/2024;12.00.00;8.1;90.0;135.0;568.0;21.9;45.7;0.59
11/01/2024;13.00.00;7.5;113.0;170.0;695.0;14.2;44.7;1.26
11/01/2024;14.00.00;6.1;120.0;180.0;500.0;18.5;33.3;1.11
11/01/2024;15.00.00;6.5;94.0;140.0;575.0;14.7;29.2;1.07
11/01/2024;16.00.00;7.1;119.0;179.0;595.0;14.6;42.0;0.55
11/01/2024;17.00.00;5.9;103.0;155.0;500.0;13.4;48.0;0.64
11/01/2024;18.00.00;6.2;88.0;132.0;500.0;17.9;45.7;1.12
11/01/2024;19.00.00;6.1;91.0;136.0;500.0;15.2;49.8;0.71
11/01/2024;20.00.00;5.0;93.0;140.0;523.0;17.3;65.4;1.0
11/01/2024;21.00.00;5.3;85.0;128.0;582.0;19.1;59.3;1.04
11/01/2024;22.00.00;3.5;87.0;131.0;798.0;17.8;66.3;0.78
11/01/2024;23.00.00;4.5;71.0;107.0;525.0;16.3;59.8;1.45
12/01/2024;00.00.00;4.9;82.0;123.0;909.0;19.6;64.7;1.34
12/01/2024;01.00.00;11.0;133.0;199.0;1094.0;19.8;62.8;1.22
12/01/2024;02.00.00;6.0;81.0;121.0;715.0;21.5;59.6;0.58
12/01/2024;03.00.00;4.6;75.0;113.0;1134.0;23.3;66.4;0.61
12/01/2024;04.00.00;5.3;80.0;120.0;1066.0;24.1;50.6;0.99
12/01/2024;05.00.00;5.8;103.0;155.0;1173.0;25.7;55.4;0.66
12/01/2024;06.00.00;6.7;106.0;159.0;1256.0;26.1;48.2;1.48
12/01/2024;07.00.00;5.5;105.0;157.0;1108.0;24.6;48.2;0.66
12/01/2024;08.00.00;7.1;92.0;137.0;1038.0;25.1;40.8;0.99
12/01/2024;09.00.00;6.7;102.0;154.0;1088.0;22.4;43.7;0.86
12/01/2024;10.00.00;6.4;120.0;180.0;826.0;25.1;32.3;1.14
12/01/2024;11.00.00;7.2;111.0;166.0;730.0;20.2;41.3;0.63
12/01/2024;12.00.00;7.1;133.0;200.0;909.0;22.4;34.9;0.93
12/01/2024;13.00.00;6.7;113.0;170.0;513.0;15.8;28.9;0.77
12/01/2024;14.00.00;6.9;110.0;165.0;707.0;16.7;40.4;1.39
12/01/2024;15.00.00;6.5;103.0;154.0;591.0;15.8;38.4;0.54
12/01/2024;16.00.00;6.6;104.0;156.0;500.0;16.2;34.0;1.41
12/01/2024;17.00.00;6.6;97.0;146.0;500.0;16.9;47.8;1.33
12/01/2024;18.00.00;6.8;102.0;153.0;591.0;12.5;55.0;0.8
12/01/2024;19.00.00;5.1;101.0;151.0;500.0;13.0;60.3;1.29
12/01/2024;20.00.00;6.6;80.0;119.0;500.0;12.9;55.6;0.53
12/01/2024;21.00.00;4.3;71.0;107.0;591.0;19.1;61.3;1.47
12/01/2024;22.00.00;5.1;64.0;95.0;725.0;18.1;63.2;1.03
12/01/2024;23.00.00;5.3;86.0;128.0;656.0;16.5;71.9;0.8
13/01/2024;00.00.00;5.1;69.0;103.0;704.0;19.1;60.9;0.86
13/01/2024;01.00.00;4.7;59.0;88.0;1131.0;23.7;62.2;0.57
13/01/2024;02.00.00;5.0;86.0;129.0;1278.0;21.9;58.8;1.49
13/01/2024;03.00.00;5.0;109.0;164.0;1239.0;22.9;53.4;0.54
13/01/2024;04.00.00;5.2;87.0;131.0;1160.0;22.8;58.7;1.15
13/01/2024;05.00.00;6.2;100.0;149.0;1057.0;22.8;61.9;0.94
13/01/2024;06.00.00;15.0;192.0;287.0;1067.0;27.4;49.0;1.45
13/01/2024;07.00.00;5.9;98.0;147.0;1270.0;28.2;41.7;0.75
13/01/2024;08.00.00;6.9;112.0;168.0;1213.0;22.4;43.4;1.03
13/01/2024;09.00.00;6.9;103.0;154.0;1307.0;26.3;42.3;0.98
13/01/2024;10.00.00;7.3;111.0;166.0;1104.0;21.5;36.2;1.2
13/01/2024;11.00.00;7.3;113.0;169.0;663.0;22.4;42.5;0.57
13/01/2024;12.00.00;15.0;207.0;310.0;968.0;22.8;30.9;0.69
13/01/2024;13.00.00;6.7;119.0;179.0;537.0;18.4;34.1;0.71
13/01/2024;14.00.00;7.2;106.0;159.0;539.0;16.8;38.5;1.24
13/01/2024;15.00.00;7.0;98.0;147.0;557.0;18.1;41.4;0.69
13/01/2024;16.00.00;6.5;108.0;162.0;773.0;13.4;42.7;1.07
13/01/2024;17.00.00;6.3;90.0;135.0;911.0;17.5;39.7;0.72
13/01/2024;18.00.00;6.6;95.0;143.0;500.0;15.3;61.7;1.36
13/01/2024;19.00.00;5.4;91.0;137.0;500.0;14.0;52.7;1.44
13/01/2024;20.00.00;5.8;98.0;148.0;539.0;14.5;58.1;1.02
13/01/2024;21.00.00;5.2;89.0;134.0;659.0;13.7;63.7;0.85
13/01/2024;22.00.00;5.0;82.0;123.0;549.0;16.4;59.8;0.73
13/01/2024;23.00.00;5.6;89.0;133.0;984.0;18.2;64.8;0.55
14/01/2024;00.00.00;5.4;94.0;141.0;837.0;17.9;61.6;0.77
14/01/2024;01.00.00;5.4;86.0;129.0;983.0;21.2;66.6;1.15
14/01/2024;02.00.00;5.8;82.0;123.0;1107.0;23.4;61.6;1.03
14/01/2024;03.00.00;5.3;71.0;107.0;1150.0;23.1;62.0;1.44
14/01/2024;04.00.00;5.8;77.0;115.0;1281.0;25.7;52.3;0.9
14/01/2024;05.00.00;14.0;176.0;264.0;1088.0;23.2;49.7;1.19
14/01/2024;06.00.00;6.2;89.0;133.0;1111.0;27.0;43.2;0.99
14/01/2024;07.00.00;6.2;97.0;146.0;1010.0;25.1;42.6;1.01
14/01/2024;08.00.00;6.5;103.0;155.0;1217.0;27.4;29.6;0.77
14/01/2024;09.00.00;7.0;111.0;166.0;1207.0;28.4;37.9;0.95
14/01/2024;10.00.00;6.5;107.0;161.0;1073.0;21.6;34.3;0.97
14/01/2024;11.00.00;8.0;114.0;172.0;1171.0;20.4;36.3;1.21
14/01/2024;12.00.00;6.5;111.0;166.0;799.0;19.5;35.2;1.44
14/01/2024;13.00.00;6.4;90.0;135.0;803.0;19.9;41.8;0.83
14/01/2024;14.00.00;7.4;99.0;148.0;500.0;20.2;50.0;0.54
14/01/2024;15.00.00;7.1;104.0;156.0;500.0;15.2;45.1;1.0
14/01/2024;16.00.00;6.8;90.0;136.0;565.0;16.4;40.2;1.04
14/01/2024;17.00.00;15.0;210.0;315.0;549.0;14.9;43.7;0.67
14/01/2024;18.00.00;6.0;110.0;165.0;500.0;16.2;54.3;1.26
14/01/2024;19.00.00;5.3;103.0;155.0;500.0;18.2;45.5;1.48
14/01/2024;20.00.00;5.5;85.0;128.0;500.0;15.2;55.9;1.45
14/01/2024;21.00.00;5.0;99.0;149.0;500.0;13.1;59.4;0.7
14/01/2024;22.00.00;5.6;83.0;125.0;742.0;19.0;65.9;1.38
14/01/2024;23.00.00;5.0;77.0;116.0;789.0;17.0;67.6;1.2
15/01/2024;00.00.00;4.6;74.0;111.0;880.0;19.7;61.3;0.95
15/01/2024;01.00.00;4.9;77.0;116.0;911.0;22.9;62.4;1.04
15/01/2024;02.00.00;5.3;78.0;117.0;1001.0;23.1;65.2;1.35
15/01/2024;03.00.00;5.0;86.0;129.0;977.0;23.3;56.6;0.98
15/01/2024;04.00.00;5.1;89.0;134.0;1258.0;23.2;63.5;0.87
15/01/2024;05.00.00;5.9;91.0;137.0;1254.0;19.0;56.9;0.99
15/01/2024;06.00.00;6.1;99.0;149.0;1279.0;26.4;50.9;1.08
15/01/2024;07.00.00;6.0;111.0;166.0;1102.0;24.3;48.1;0.69
15/01/2024;08.00.00;6.3;112.0;168.0;802.0;27.4;40.2;1.4
15/01/2024;09.00.00;6.8;91.0;136.0;1258.0;24.3;36.3;1.17
15/01/2024;10.00.00;15.0;165.0;247.0;923.0;21.4;34.9;1.13
15/01/2024;11.00.00;6.3;119.0;178.0;765.0;23.4;38.0;0.6
15/01/2024;12.00.00;6.6;96.0;144.0;911.0;22.3;36.0;1.1
15/01/2024;13.00.00;6.9;107.0;161.0;634.0;18.3;33.4;0.62
15/01/2024;14.00.00;7.0;96.0;144.0;770.0;19.9;40.8;0.58
15/01/2024;15.00.00;7.4;88.0;131.0;616.0;15.4;38.5;1.03
15/01/2024;16.00.00;6.9;108.0;162.0;563.0;16.0;39.0;0.9
15/01/2024;17.00.00;6.2;106.0;160.0;500.0;16.3;47.4;1.09
15/01/2024;18.00.00;6.0;89.0;134.0;594.0;16.6;44.9;0.59
15/01/2024;19.00.00;5.2;65.0;98.0;500.0;16.4;45.4;0.93
15/01/2024;20.00.00;5.5;82.0;123.0;500.0;15.0;57.5;0.67
15/01/2024;21.00.00;5.1;88.0;132.0;540.0;18.7;57.3;1.49
15/01/2024;22.00.00;5.3;67.0;101.0;500.0;17.3;61.7;1.06
15/01/2024;23.00.00;4.6;82.0;124.0;762.0;17.6;59.7;1.19
16/01/2024;00.00.00;5.3;80.0;120.0;635.0;18.9;71.0;0.83
16/01/2024;01.00.00;5.8;86.0;129.0;687.0;25.2;61.2;0.59
16/01/2024;02.00.00;5.1;83.0;125.0;756.0;21.0;60.8;1.48
16/01/2024;03.00.00;5.5;75.0;112.0;1261.0;26.1;62.5;0.79
16/01/2024;04.00.00;5.8;99.0;149.0;1046.0;22.1;50.6;0.92
16/01/2024;05.00.00;5.5;90.0;134.0;1432.0;25.8;46.6;1.15
16/01/2024;06.00.00;6.1;95.0;142.0;1114.0;25.6;51.9;0.52
16/01/2024;07.00.00;6.3;90.0;134.0;913.0;28.1;43.9;1.31
16/01/2024;08.00.00;6.5;98.0;147.0;968.0;23.0;38.0;1.04
16/01/2024;09.00.00;6.3;97.0;145.0;1281.0;21.7;42.4;0.78
16/01/2024;10.00.00;6.9;106.0;159.0;975.0;22.3;33.0;0.56
16/01/2024;11.00.00;7.2;127.0;190.0;816.0;24.6;34.1;0.66
16/01/2024;12.00.00;7.7;96.0;144.0;826.0;18.2;30.5;1.4
16/01/2024;13.00.00;7.4;93.0;140.0;777.0;13.5;37.0;1.19
16/01/2024;14.00.00;7.9;123.0;184.0;779.0;17.6;43.7;0.75
16/01/2024;15.00.00;6.3;104.0;155.0;749.0;18.4;30.1;0.57
16/01/2024;16.00.00;6.9;96.0;144.0;500.0;13.6;43.1;1.19
16/01/2024;17.00.00;6.4;109.0;164.0;500.0;16.9;50.4;1.07
16/01/2024;18.00.00;7.1;89.0;133.0;500.0;12.9;47.9;0.9
16/01/2024;19.00.00;5.3;109.0;164.0;500.0;14.9;48.2;0.86
16/01/2024;20.00.00;5.1;94.0;141.0;500.0;17.2;59.6;0.72
16/01/2024;21.00.00;5.0;80.0;119.0;500.0;14.1;65.6;1.17
16/01/2024;22.00.00;4.1;104.0;155.0;655.0;17.9;67.4;1.47
16/01/2024;23.00.00;4.8;74.0;112.0;689.0;21.1;66.3;0.68
17/01/2024;00.00.00;4.6;87.0;131.0;805.0;20.9;65.5;1.1
17/01/2024;01.00.00;5.1;84.0;125.0;782.0;19.9;60.0;0.92
17/01/2024;02.00.00;5.3;95.0;143.0;963.0;25.5;67.3;0.95
17/01/2024;03.00.00;6.2;100.0;150.0;935.0;24.9;64.7;0.75
17/01/2024;04.00.00;6.0;88.0;132.0;1289.0;20.6;51.8;1.33
17/01/2024;05.00.00;5.5;84.0;125.0;1352.0;26.6;55.7;0.99
17/01/2024;06.00.00;5.6;100.0;149.0;905.0;23.9;53.3;1.04
17/01/2024;07.00.00;15.0;184.0;276.0;1038.0;25.2;50.5;0.8
17/01/2024;08.00.00;5.8;123.0;184.0;907.0;26.3;42.1;0.68
17/01/2024;09.00.00;7.6;107.0;160.0;979.0;22.4;35.1;0.59
17/01/2024;10.00.00;7.5;104.0;157.0;987.0;19.2;34.5;1.21
17/01/2024;11.00.00;6.7;111.0;167.0;672.0;24.3;30.5;0.7
17/01/2024;12.00.00;6.1;97.0;145.0;653.0;22.3;34.7;1.19
17/01/2024;13.00.00;7.6;100.0;150.0;536.0;18.5;34.3;0.89
17/01/2024;14.00.00;6.8;120.0;180.0;633.0;19.2;47.7;0.92
17/01/2024;15.00.00;7.3;99.0;149.0;528.0;15.7;43.9;0.97
17/01/2024;16.00.00;5.7;92.0;138.0;500.0;15.9;47.3;0.87
17/01/2024;17.00.00;6.0;104.0;156.0;500.0;14.9;48.5;0.6
17/01/2024;18.00.00;6.0;107.0;160.0;500.0;14.3;48.2;0.81
17/01/2024;19.00.00;5.8;98.0;147.0;500.0;15.9;52.5;1.16
17/01/2024;20.00.00;5.3;97.0;146.0;721.0;13.3;56.6;1.17
17/01/2024;21.00.00;5.6;77.0;115.0;732.0;16.0;61.5;0.79
17/01/2024;22.00.00;4.6;68.0;102.0;500.0;18.1;64.9;0.96
17/01/2024;23.00.00;5.0;96.0;143.0;829.0;22.4;64.5;0.69
18/01/2024;00.00.00;5.1;77.0;115.0;930.0;17.7;63.5;0.71
18/01/2024;01.00.00;5.3;78.0;117.0;720.0;22.3;61.5;0.52
18/01/2024;02.00.00;5.5;95.0;143.0;1131.0;23.8;56.0;1.4
18/01/2024;03.00.00;4.7;90.0;135.0;1329.0;19.8;67.0;0.71
18/01/2024;04.00.00;4.7;92.0;138.0;967.0;25.2;68.5;0.73
18/01/2024;05.00.00;6.4;113.0;169.0;1040.0;26.6;59.9;0.78
18/01/2024;06.00.00;6.2;89.0;133.0;1363.0;26.2;43.7;0.63
18/01/2024;07.00.00;5.9;108.0;162.0;1230.0;24.7;50.1;1.14
18/01/2024;08.00.00;7.3;103.0;155.0;1235.0;25.0;47.6;0.58
18/01/2024;09.00.00;6.8;108.0;162.0;1137.0;23.9;37.4;0.63
18/01/2024;10.00.00;7.5;123.0;185.0;1063.0;19.1;39.5;1.14
18/01/2024;11.00.00;7.0;115.0;172.0;691.0;21.7;33.2;0.84
18/01/2024;12.00.00;8.0;115.0;173.0;968.0;19.3;42.6;1.21
18/01/2024;13.00.00;15.0;240.0;361.0;884.0;17.3;37.3;1.06
18/01/2024;14.00.00;6.7;104.0;157.0;563.0;22.5;32.4;0.76
18/01/2024;15.00.00;7.2;97.0;146.0;510.0;19.0;42.7;1.15
18/01/2024;16.00.00;6.8;92.0;138.0;500.0;13.4;47.8;0.62
18/01/2024;17.00.00;6.9;79.0;119.0;500.0;15.9;47.1;1.04
18/01/2024;18.00.00;5.5;116.0;173.0;500.0;17.9;52.4;0.94
18/01/2024;19.00.00;6.1;80.0;120.0;500.0;12.2;53.5;0.77
18/01/2024;20.00.00;6.0;85.0;128.0;633.0;15.8;51.8;1.1
18/01/2024;21.00.00;4.4;82.0;122.0;500.0;16.7;59.8;1.37
18/01/2024;22.00.00;4.5;85.0;128.0;690.0;15.0;65.6;1.5
18/01/2024;23.00.00;4.0;89.0;133.0;533.0;19.5;63.8;1.11
19/01/2024;00.00.00;4.9;89.0;133.0;796.0;22.2;69.0;0.9
19/01/2024;01.00.00;5.4;75.0;112.0;876.0;24.3;62.5;0.73
19/01/2024;02.00.00;5.9;80.0;121.0;1036.0;22.0;61.4;0.76
19/01/2024;03.00.00;5.3;87.0;131.0;1024.0;28.5;64.8;0.98
19/01/2024;04.00.00;6.3;85.0;128.0;1125.0;20.2;58.6;0.87
19/01/2024;05.00.00;5.1;107.0;161.0;1319.0;25.5;51.8;1.41
19/01/2024;06.00.00;5.1;100.0;150.0;1130.0;22.2;55.2;0.87
19/01/2024;07.00.00;6.2;106.0;159.0;929.0;25.0;42.7;0.87
19/01/2024;08.00.00;6.7;109.0;164.0;1426.0;23.3;38.9;0.88
19/01/2024;09.00.00;6.7;117.0;176.0;1304.0;24.5;25.2;1.34
19/01/2024;10.00.00;5.8;110.0;165.0;793.0;22.2;34.2;1.15
19/01/2024;11.00.00;6.9;97.0;145.0;1014.0;19.6;42.1;1.11
19/01/2024;12.00.00;6.3;114.0;171.0;720.0;18.5;24.6;0.83
19/01/2024;13.00.00;15.0;206.0;309.0;739.0;22.6;30.8;1.32
19/01/2024;14.00.00;7.0;103.0;154.0;647.0;18.4;39.2;0.54
19/01/2024;15.00.00;6.2;111.0;167.0;500.0;13.1;28.2;1.37
19/01/2024;16.00.00;6.2;115.0;172.0;500.0;16.8;39.9;1.01
19/01/2024;17.00.00;5.7;99.0;149.0;500.0;14.8;51.8;0.9
19/01/2024;18.00.00;6.0;98.0;147.0;500.0;15.0;60.2;1.0
19/01/2024;19.00.00;6.2;108.0;162.0;500.0;16.8;55.3;1.17
19/01/2024;20.00.00;5.0;90.0;135.0;500.0;18.0;52.9;0.51
19/01/2024;21.00.00;5.5;110.0;166.0;500.0;14.7;55.8;1.37
19/01/2024;22.00.00;4.9;88.0;131.0;709.0;17.4;63.7;0.95
19/01/2024;23.00.00;4.6;63.0;94.0;934.0;17.6;65.9;0.84
20/01/2024;00.00.00;4.9;88.0;131.0;707.0;21.2;74.3;0.64
20/01/2024;01.00.00;4.5;84.0;126.0;942.0;20.8;69.3;0.94
20/01/2024;02.00.00;4.9;95.0;142.0;1080.0;22.6;63.4;1.0
20/01/2024;03.00.00;4.7;91.0;137.0;1158.0;23.0;58.9;0.9
20/01/2024;04.00.00;6.5;86.0;129.0;1159.0;24.1;72.6;1.18
20/01/2024;05.00.00;5.8;79.0;118.0;1305.0;28.2;57.0;0.92
20/01/2024;06.00.00;5.7;93.0;139.0;1277.0;29.8;46.7;1.46
20/01/2024;07.00.00;6.4;90.0;136.0;988.0;25.6;45.0;1.1
20/01/2024;08.00.00;6.4;97.0;145.0;1285.0;24.1;38.1;1.31
20/01/2024;09.00.00;6.6;111.0;167.0;1225.0;20.3;27.4;0.61
20/01/2024;10.00.00;7.2;125.0;187.0;878.0;21.0;38.6;0.9
20/01/2024;11.00.00;7.3;113.0;170.0;910.0;21.0;44.4;0.84
20/01/2024;12.00.00;15.0;196.0;294.0;909.0;18.6;26.8;1.07
20/01/2024;13.00.00;6.7;114.0;171.0;663.0;17.5;35.8;1.36
20/01/2024;14.00.00;6.7;120.0;180.0;772.0;20.7;33.5;0.58
20/01/2024;15.00.00;5.6;100.0;149.0;895.0;16.5;42.0;0.57
20/01/2024;16.00.00;5.7;101.0;152.0;500.0;15.9;41.6;1.35
20/01/2024;17.00.00;6.9;99.0;149.0;500.0;13.8;39.3;0.71
20/01/2024;18.00.00;6.8;87.0;131.0;500.0;17.4;45.1;1.17
20/01/2024;19.00.00;5.6;98.0;146.0;529.0;14.7;49.7;1.04
20/01/2024;20.00.00;5.8;86.0;129.0;500.0;14.6;64.2;1.33
20/01/2024;21.00.00;5.4;89.0;133.0;750.0;13.3;67.1;0.63
20/01/2024;22.00.00;6.7;73.0;110.0;500.0;17.4;61.4;0.63
20/01/2024;23.00.00;5.6;76.0;114.0;807.0;17.6;70.6;1.06
21/01/2024;00.00.00;4.9;87.0;131.0;703.0;23.4;64.1;1.45
21/01/2024;01.00.00;4.6;77.0;115.0;1179.0;25.0;62.9;0.91
21/01/2024;02.00.00;4.3;99.0;149.0;1319.0;20.0;63.3;0.83
21/01/2024;03.00.00;5.4;80.0;121.0;960.0;21.3;62.0;1.11
21/01/2024;04.00.00;5.1;90.0;135.0;1058.0;23.8;54.7;1.43
21/01/2024;05.00.00;5.0;100.0;151.0;1324.0;23.2;54.0;1.34
21/01/2024;06.00.00;5.7;81.0;121.0;1138.0;25.4;53.9;1.5
21/01/2024;07.00.00;5.7;81.0;122.0;1179.0;24.2;46.8;0.52
21/01/2024;08.00.00;7.3;87.0;131.0;1150.0;24.9;42.7;0.61
21/01/2024;09.00.00;7.1;118.0;177.0;776.0;25.6;41.9;1.11
21/01/2024;10.00.00;6.9;102.0;154.0;998.0;20.4;40.3;1.32
21/01/2024;11.00.00;7.7;135.0;203.0;793.0;23.3;35.2;0.79
21/01/2024;12.00.00;7.0;104.0;157.0;721.0;18.5;32.6;0.74
21/01/2024;13.00.00;6.5;111.0;167.0;927.0;23.0;36.5;1.29
21/01/2024;14.00.00;7.6;123.0;185.0;500.0;20.7;29.0;0.56
21/01/2024;15.00.00;7.0;126.0;189.0;647.0;16.2;38.3;0.87
21/01/2024;16.00.00;6.0;123.0;185.0;500.0;13.7;30.1;1.01
21/01/2024;17.00.00;6.2;111.0;166.0;500.0;12.9;37.7;1.06
21/01/2024;18.00.00;5.6;105.0;158.0;526.0;16.7;40.9;1.23
21/01/2024;19.00.00;5.0;97.0;146.0;500.0;15.1;59.1;0.85
21/01/2024;20.00.00;6.0;95.0;143.0;545.0;17.5;57.6;1.11
21/01/2024;21.00.00;15.0;158.0;237.0;672.0;20.9;54.3;1.09
21/01/2024;22.00.00;4.4;74.0;111.0;547.0;16.0;65.4;1.05
21/01/2024;23.00.00;5.3;80.0;121.0;599.0;16.2;69.4;1.14
22/01/2024;00.00.00;4.7;78.0;117.0;626.0;20.4;67.5;0.76
22/01/2024;01.00.00;4.8;76.0;114.0;771.0;23.6;63.5;0.58
22/01/2024;02.00.00;4.8;89.0;133.0;1472.0;20.6;64.2;0.62
22/01/2024;03.00.00;12.2;188.0;282.0;1282.0;23.6;65.1;0.72
22/01/2024;04.00.00;5.5;88.0;133.0;930.0;27.1;55.2;1.0
22/01/2024;05.00.00;13.3;212.0;318.0;975.0;21.6;54.0;1.34
22/01/2024;06.00.00;6.1;84.0;125.0;1277.0;25.5;48.7;1.2
22/01/2024;07.00.00;6.2;97.0;145.0;1274.0;23.7;38.1;1.29
22/01/2024;08.00.00;6.4;95.0;143.0;1234.0;24.6;47.1;0.85
22/01/2024;09.00.00;6.3;87.0;130.0;1042.0;25.0;49.7;0.9
22/01/2024;10.00.00;6.6;107.0;161.0;980.0;22.9;32.6;0.89
22/01/2024;11.00.00;7.3;108.0;162.0;956.0;19.3;40.3;0.69
22/01/2024;12.00.00;7.3;125.0;188.0;814.0;19.0;30.8;0.56
22/01/2024;13.00.00;6.5;116.0;174.0;500.0;21.6;36.2;1.09
22/01/2024;14.00.00;6.9;98.0;147.0;563.0;18.2;44.5;1.49
22/01/2024;15.00.00;7.1;124.0;186.0;500.0;18.1;36.8;0.67
22/01/2024;16.00.00;5.7;115.0;172.0;500.0;16.2;42.4;0.55
22/01/2024;17.00.00;6.5;105.0;157.0;891.0;16.8;37.1;1.28
22/01/2024;18.00.00;5.7;93.0;139.0;500.0;14.2;46.7;0.75
22/01/2024;19.00.00;6.0;82.0;122.0;500.0;13.6;44.4;1.33
22/01/2024;20.00.00;5.1;84.0;126.0;601.0;17.2;59.6;1.2
22/01/2024;21.00.00;4.4;95.0;143.0;594.0;18.7;64.8;1.45
22/01/2024;22.00.00;4.3;101.0;151.0;667.0;15.7;61.9;0.91
22/01/2024;23.00.00;5.1;96.0;144.0;794.0;17.6;65.9;1.16
23/01/2024;00.00.00;5.1;75.0;113.0;1129.0;19.7;63.4;0.96
23/01/2024;01.00.00;4.6;69.0;104.0;723.0;24.5;68.2;1.13
23/01/2024;02.00.00;5.5;83.0;125.0;1076.0;23.6;63.6;0.95
23/01/2024;03.00.00;4.5;67.0;100.0;935.0;20.9;50.7;0.69
23/01/2024;04.00.00;5.5;91.0;136.0;1235.0;24.1;62.2;1.01
23/01/2024;05.00.00;5.1;90.0;134.0;1039.0;24.3;51.9;1.03
23/01/2024;06.00.00;5.7;90.0;136.0;1133.0;22.7;43.6;1.31
23/01/2024;07.00.00;6.3;83.0;124.0;1139.0;24.6;43.9;1.24
23/01/2024;08.00.00;6.1;108.0;161.0;1303.0;23.8;33.0;1.16
23/01/2024;09.00.00;6.5;100.0;150.0;1230.0;22.8;33.1;0.61
23/01/2024;10.00.00;15.0;193.0;289.0;801.0;21.7;37.7;1.22
23/01/2024;11.00.00;6.7;81.0;121.0;912.0;24.2;36.6;1.0
23/01/2024;12.00.00;7.4;110.0;165.0;686.0;19.3;36.5;1.39
23/01/2024;13.00.00;6.4;127.0;191.0;500.0;18.8;35.5;1.42
23/01/2024;14.00.00;7.1;125.0;187.0;565.0;17.4;33.5;0.56
23/01/2024;15.00.00;7.4;101.0;152.0;500.0;15.5;39.1;1.32
23/01/2024;16.00.00;5.3;96.0;145.0;842.0;15.8;40.3;0.54
23/01/2024;17.00.00;5.9;104.0;155.0;500.0;15.3;38.0;0.87
23/01/2024;18.00.00;15.0;170.0;255.0;500.0;15.2;46.1;1.04
23/01/2024;19.00.00;5.6;94.0;141.0;500.0;13.5;58.3;0.65
23/01/2024;20.00.00;5.7;95.0;143.0;617.0;15.3;65.4;1.25
23/01/2024;21.00.00;5.0;97.0;145.0;851.0;18.0;63.9;0.51
23/01/2024;22.00.00;5.2;81.0;122.0;500.0;17.1;70.7;0.67
23/01/2024;23.00.00;5.0;78.0;118.0;500.0;19.0;64.9;1.08
24/01/2024;00.00.00;5.6;71.0;107.0;1099.0;20.3;73.7;1.21
24/01/2024;01.00.00;5.2;72.0;108.0;966.0;22.1;74.8;1.42
24/01/2024;02.00.00;5.3;80.0;120.0;861.0;23.6;54.3;1.21
24/01/2024;03.00.00;5.1;88.0;132.0;1168.0;23.2;61.7;1.17
24/01/2024;04.00.00;5.3;97.0;145.0;725.0;22.5;57.9;0.89
24/01/2024;05.00.00;5.5;83.0;125.0;1187.0;22.4;51.8;0.5
24/01/2024;06.00.00;6.2;110.0;165.0;1252.0;27.0;52.5;0.62
24/01/2024;07.00.00;6.0;96.0;144.0;1334.0;26.4;46.3;1.03
24/01/2024;08.00.00;6.6;102.0;153.0;984.0;25.6;38.8;1.18
24/01/2024;09.00.00;7.7;98.0;147.0;1097.0;25.2;39.3;0.92
24/01/2024;10.00.00;7.3;84.0;126.0;852.0;22.2;43.0;1.23
24/01/2024;11.00.00;6.8;118.0;177.0;944.0;20.0;36.4;1.02
24/01/2024;12.00.00;7.6;117.0;176.0;657.0;18.0;38.1;0.57
24/01/2024;13.00.00;6.8;107.0;160.0;631.0;16.5;34.1;0.69
24/01/2024;14.00.00;5.8;109.0;163.0;500.0;19.9;39.3;1.34
24/01/2024;15.00.00;6.2;111.0;166.0;621.0;15.5;33.3;1.22
24/01/2024;16.00.00;5.6;87.0;130.0;591.0;17.8;40.0;1.39
24/01/2024;17.00.00;6.1;94.0;140.0;500.0;14.8;45.6;0.62
24/01/2024;18.00.00;6.0;103.0;154.0;500.0;13.6;43.6;1.49
24/01/2024;19.00.00;6.6;79.0;118.0;500.0;13.0;49.7;0.71
24/01/2024;20.00.00;5.7;90.0;136.0;500.0;14.5;59.1;0.51
24/01/2024;21.00.00;5.2;71.0;106.0;509.0;19.3;61.3;1.5
24/01/2024;22.00.00;5.5;87.0;130.0;1019.0;15.3;67.0;0.78
24/01/2024;23.00.00;3.9;80.0;120.0;519.0;22.9;61.5;1.17
25/01/2024;00.00.00;5.1;64.0;96.0;1034.0;18.3;65.3;0.68
25/01/2024;01.00.00;5.4;92.0;138.0;1063.0;22.8;61.1;1.08
25/01/2024;02.00.00;4.4;75.0;112.0;1045.0;22.2;66.5;1.4
25/01/2024;03.00.00;5.9;76.0;114.0;1364.0;22.9;66.6;0.82
25/01/2024;04.00.00;5.7;90.0;134.0;1206.0;21.8;59.9;1.17
25/01/2024;05.00.00;5.5;103.0;154.0;1249.0;24.6;59.2;0.69
25/01/2024;06.00.00;6.3;85.0;127.0;1192.0;22.7;50.2;1.12
25/01/2024;07.00.00;7.4;99.0;149.0;1382.0;21.5;50.1;0.84
25/01/2024;08.00.00;6.6;107.0;160.0;1322.0;24.6;42.9;0.71
25/01/2024;09.00.00;6.8;113.0;169.0;983.0;22.3;34.3;0.81
25/01/2024;10.00.00;6.6;110.0;165.0;789.0;25.9;38.2;0.68
25/01/2024;11.00.00;6.5;106.0;159.0;871.0;23.3;30.5;1.4
25/01/2024;12.00.00;7.4;102.0;153.0;672.0;23.4;46.7;0.9
25/01/2024;13.00.00;6.5;110.0;166.0;686.0;17.3;33.8;0.75
25/01/2024;14.00.00;6.9;97.0;146.0;798.0;17.8;40.2;0.95
25/01/2024;15.00.00;6.5;76.0;115.0;500.0;11.2;39.3;0.82
25/01/2024;16.00.00;6.7;107.0;160.0;500.0;15.1;36.3;1.24
25/01/2024;17.00.00;6.4;108.0;162.0;500.0;15.4;36.6;1.47
25/01/2024;18.00.00;6.5;71.0;107.0;536.0;15.3;53.7;0.94
25/01/2024;19.00.00;5.5;81.0;122.0;500.0;15.1;61.6;1.36
25/01/2024;20.00.00;5.4;94.0;141.0;500.0;15.8;53.8;1.07
25/01/2024;21.00.00;4.8;105.0;157.0;551.0;11.0;52.3;0.66
25/01/2024;22.00.00;4.9;82.0;123.0;792.0;18.0;61.4;1.19
25/01/2024;23.00.00;5.2;73.0;110.0;618.0;19.7;59.8;1.01
26/01/2024;00.00.00;5.4;78.0;117.0;500.0;22.7;61.7;1.15
26/01/2024;01.00.00;4.6;94.0;141.0;1003.0;22.0;67.5;1.39
26/01/2024;02.00.00;5.6;76.0;113.0;898.0;22.2;62.7;0.94
26/01/2024;03.00.00;6.0;76.0;115.0;892.0;25.7;56.5;1.4
26/01/2024;04.00.00;5.7;83.0;124.0;1047.0;19.6;60.4;1.25
26/01/2024;05.00.00;6.7;82.0;122.0;1157.0;23.8;57.2;0.99
26/01/2024;06.00.00;5.6;96.0;144.0;1103.0;23.5;48.3;1.1
26/01/2024;07.00.00;5.6;115.0;173.0;833.0;24.8;46.8;0.83
26/01/2024;08.00.00;5.6;106.0;159.0;1290.0;19.9;45.1;1.48
26/01/2024;09.00.00;7.5;103.0;155.0;1287.0;26.2;41.5;1.17
26/01/2024;10.00.00;7.2;105.0;158.0;1104.0;22.0;37.2;0.54
26/01/2024;11.00.00;6.9;94.0;141.0;721.0;21.9;42.7;0.83
26/01/2024;12.00.00;7.1;119.0;178.0;768.0;20.4;37.9;1.12
26/01/2024;13.00.00;6.4;109.0;163.0;695.0;21.2;33.3;0.56
26/01/2024;14.00.00;8.1;106.0;159.0;696.0;13.8;34.8;0.52
26/01/2024;15.00.00;6.8;138.0;206.0;624.0;16.7;36.6;0.95
26/01/2024;16.00.00;6.6;105.0;158.0;500.0;18.0;45.7;0.83
26/01/2024;17.00.00;6.6;91.0;137.0;500.0;15.0;43.0;0.94
26/01/2024;18.00.00;6.2;91.0;136.0;500.0;13.1;47.9;0.76
26/01/2024;19.00.00;5.9;103.0;154.0;647.0;14.0;59.2;0.66
26/01/2024;20.00.00;5.1;89.0;133.0;566.0;14.9;58.5;1.19
26/01/2024;21.00.00;5.5;70.0;105.0;643.0;15.0;66.6;1.01
26/01/2024;22.00.00;6.1;91.0;137.0;613.0;17.2;67.0;0.7
26/01/2024;23.00.00;5.7;74.0;111.0;922.0;21.7;58.6;0.82
27/01/2024;00.00.00;5.8;99.0;148.0;866.0;18.8;64.5;1.09
27/01/2024;01.00.00;4.8;91.0;137.0;766.0;20.3;69.4;0.57
27/01/2024;02.00.00;4.6;78.0;116.0;1225.0;23.4;56.9;0.65
27/01/2024;03.00.00;5.2;97.0;146.0;1195.0;23.2;62.7;0.57
27/01/2024;04.00.00;5.5;88.0;132.0;1076.0;21.7;57.3;1.31
27/01/2024;05.00.00;6.3;100.0;149.0;1110.0;24.7;45.1;1.25
27/01/2024;06.00.00;5.2;100.0;150.0;1247.0;24.8;50.6;1.25
27/01/2024;07.00.00;7.0;90.0;136.0;1260.0;26.8;41.9;1.22
27/01/2024;08.00.00;6.4;96.0;144.0;1178.0;22.4;36.7;1.17
27/01/2024;09.00.00;6.5;116.0;174.0;1133.0;25.5;39.4;0.98
27/01/2024;10.00.00;6.4;105.0;157.0;1272.0;22.3;27.4;1.14
27/01/2024;11.00.00;6.1;105.0;158.0;1075.0;19.1;32.1;0.54
27/01/2024;12.00.00;7.4;100.0;151.0;831.0;17.4;47.8;1.12
27/01/2024;13.00.00;7.0;114.0;171.0;847.0;22.6;38.8;1.28
27/01/2024;14.00.00;6.2;129.0;193.0;500.0;17.2;32.6;1.0
27/01/2024;15.00.00;6.1;95.0;142.0;581.0;18.3;46.4;0.86
27/01/2024;16.00.00;6.3;103.0;154.0;743.0;12.3;37.5;0.78
27/01/2024;17.00.00;7.1;113.0;170.0;500.0;20.4;43.3;1.14
27/01/2024;18.00.00;5.9;94.0;141.0;500.0;16.8;44.3;1.19
27/01/2024;19.00.00;5.0;96.0;143.0;500.0;14.7;55.2;1.37
27/01/2024;20.00.00;5.4;77.0;115.0;500.0;15.1;64.3;0.84
27/01/2024;21.00.00;5.2;89.0;133.0;500.0;17.9;55.6;1.27
27/01/2024;22.00.00;3.8;80.0;120.0;541.0;18.9;52.7;1.06
27/01/2024;23.00.00;5.0;90.0;136.0;500.0;19.1;69.9;1.38
28/01/2024;00.00.00;4.9;92.0;138.0;802.0;20.0;72.8;1.03
28/01/2024;01.00.00;5.4;106.0;160.0;1048.0;22.4;54.5;1.02
28/01/2024;02.00.00;6.1;88.0;132.0;855.0;19.0;65.3;1.08
28/01/2024;03.00.00;5.9;88.0;131.0;1326.0;22.8;61.7;1.25
28/01/2024;04.00.00;5.4;89.0;134.0;1228.0;21.0;53.6;1.46
28/01/2024;05.00.00;5.2;88.0;131.0;1351.0;26.0;46.9;0.57
28/01/2024;06.00.00;7.3;98.0;148.0;1095.0;23.6;55.0;0.55
28/01/2024;07.00.00;6.3;96.0;144.0;1323.0;21.7;47.0;1.44
28/01/2024;08.00.00;6.5;104.0;156.0;972.0;22.7;43.8;1.03
28/01/2024;09.00.00;6.7;119.0;178.0;1225.0;23.8;36.3;1.11
28/01/2024;10.00.00;7.0;98.0;147.0;1027.0;22.1;33.0;0.98
28/01/2024;11.00.00;6.9;121.0;181.0;992.0;18.9;23.2;0.59
28/01/2024;12.00.00;6.7;123.0;185.0;612.0;16.6;33.9;1.27
28/01/2024;13.00.00;6.7;108.0;162.0;553.0;18.9;42.7;1.25
28/01/2024;14.00.00;6.8;87.0;130.0;696.0;16.3;32.6;0.81
28/01/2024;15.00.00;6.4;100.0;149.0;500.0;15.9;31.8;0.81
28/01/2024;16.00.00;6.1;115.0;173.0;528.0;15.4;44.7;1.34
28/01/2024;17.00.00;6.3;99.0;148.0;500.0;16.0;49.2;0.57
28/01/2024;18.00.00;5.9;85.0;128.0;536.0;16.7;47.1;1.38
28/01/2024;19.00.00;6.5;86.0;129.0;500.0;15.5;52.1;0.76
28/01/2024;20.00.00;4.2;96.0;144.0;542.0;15.0;58.8;1.09
28/01/2024;21.00.00;5.8;90.0;135.0;617.0;16.5;59.8;1.44
28/01/2024;22.00.00;5.8;80.0;119.0;500.0;16.8;68.0;1.18
28/01/2024;23.00.00;4.0;77.0;115.0;790.0;15.4;76.7;0.91
29/01/2024;00.00.00;4.8;76.0;114.0;842.0;22.2;56.5;1.19
29/01/2024;01.00.00;4.8;71.0;107.0;817.0;23.1;70.6;0.84
29/01/2024;02.00.00;4.4;98.0;147.0;839.0;26.5;63.5;0.78
29/01/2024;03.00.00;4.9;81.0;122.0;769.0;28.1;67.5;1.5
29/01/2024;04.00.00;4.9;100.0;150.0;1202.0;22.0;61.1;1.25
29/01/2024;05.00.00;6.6;106.0;159.0;936.0;24.2;54.2;1.14
29/01/2024;06.00.00;6.5;105.0;157.0;1215.0;30.0;53.8;0.86
29/01/2024;07.00.00;6.9;95.0;142.0;1144.0;24.7;44.1;0.55
29/01/2024;08.00.00;6.9;107.0;160.0;1255.0;24.8;38.6;0.53
29/01/2024;09.00.00;6.1;105.0;158.0;1035.0;20.5;43.4;1.05
29/01/2024;10.00.00;6.6;99.0;148.0;947.0;22.8;32.8;1.26
29/01/2024;11.00.00;7.2;113.0;169.0;1021.0;25.2;38.7;1.04
29/01/2024;12.00.00;6.4;98.0;147.0;854.0;22.6;35.2;1.34
29/01/2024;13.00.00;7.3;121.0;182.0;747.0;17.5;23.9;0.53
29/01/2024;14.00.00;6.7;103.0;155.0;675.0;16.7;34.1;0.87
29/01/2024;15.00.00;6.5;108.0;161.0;500.0;14.2;41.1;0.74
29/01/2024;16.00.00;15.0;211.0;316.0;575.0;14.0;40.5;0.95
29/01/2024;17.00.00;6.5;96.0;144.0;512.0;11.3;33.4;0.57
29/01/2024;18.00.00;5.8;101.0;151.0;500.0;14.8;56.6;1.45
29/01/2024;19.00.00;6.3;86.0;130.0;500.0;18.2;54.7;0.72
29/01/2024;20.00.00;12.4;192.0;289.0;500.0;16.4;59.7;1.42
29/01/2024;21.00.00;5.6;71.0;106.0;500.0;19.2;58.2;0.93
29/01/2024;22.00.00;5.4;83.0;125.0;653.0;19.6;65.6;1.49
29/01/2024;23.00.00;4.9;100.0;150.0;925.0;17.6;73.7;1.05
30/01/2024;00.00.00;5.2;70.0;105.0;973.0;18.5;61.3;1.43
30/01/2024;01.00.00;4.4;74.0;111.0;694.0;19.9;72.8;0.51
30/01/2024;02.00.00;5.6;87.0;131.0;1100.0;19.1;65.0;1.25
30/01/2024;03.00.00;5.2;86.0;129.0;1295.0;23.6;56.3;1.4
30/01/2024;04.00.00;5.2;91.0;137.0;1208.0;18.5;68.6;0.64
30/01/2024;05.00.00;6.3;96.0;144.0;1361.0;26.0;55.8;0.6
30/01/2024;06.00.00;5.6;101.0;152.0;1522.0;25.1;53.4;0.92
30/01/2024;07.00.00;5.6;110.0;165.0;1350.0;25.8;44.8;1.43
30/01/2024;08.00.00;5.7;107.0;160.0;1186.0;26.4;38.5;1.04
30/01/2024;09.00.00;7.0;103.0;155.0;1250.0;23.9;40.2;1.03
30/01/2024;10.00.00;6.2;115.0;172.0;1023.0;25.8;44.9;0.64
30/01/2024;11.00.00;15.0;257.0;385.0;907.0;22.5;34.0;0.5
30/01/2024;12.00.00;6.0;109.0;163.0;744.0;18.5;34.9;1.31
30/01/2024;13.00.00;7.8;100.0;150.0;947.0;18.2;42.8;0.59
30/01/2024;14.00.00;7.0;119.0;179.0;500.0;13.0;35.5;1.13
30/01/2024;15.00.00;6.7;104.0;157.0;762.0;14.7;41.9;1.41
30/01/2024;16.00.00;6.2;81.0;121.0;534.0;14.9;46.9;0.71
30/01/2024;17.00.00;6.5;107.0;161.0;500.0;16.3;45.1;1.17
30/01/2024;18.00.00;6.0;90.0;134.0;500.0;13.5;51.5;0.58
30/01/2024;19.00.00;6.3;90.0;135.0;500.0;12.7;57.2;1.1
30/01/2024;20.00.00;5.6;91.0;136.0;554.0;11.9;55.5;0.66
30/01/2024;21.00.00;5.4;86.0;129.0;659.0;15.3;64.7;1.24
30/01/2024;22.00.00;5.0;89.0;134.0;505.0;21.4;60.3;0.8
30/01/2024;23.00.00;5.0;76.0;114.0;716.0;19.2;61.1;0.96
31/01/2024;00.00.00;5.2;85.0;128.0;1113.0;21.9;57.4;1.1
31/01/2024;01.00.00;4.2;78.0;117.0;823.0;19.5;62.0;0.67
31/01/2024;02.00.00;4.5;89.0;134.0;831.0;19.4;58.9;1.24
31/01/2024;03.00.00;5.7;91.0;136.0;1320.0;21.1;58.6;0.8
31/01/2024;04.00.00;14.0;156.0;234.0;1460.0;24.1;60.6;1.16
31/01/2024;05.00.00;5.6;102.0;153.0;1187.0;20.8;45.3;0.66
31/01/2024;06.00.00;6.0;90.0;134.0;1362.0;23.0;40.1;1.19
31/01/2024;07.00.00;6.4;107.0;160.0;1401.0;23.7;42.4;0.63
31/01/2024;08.00.00;6.2;106.0;159.0;1028.0;21.7;44.8;0.93
31/01/2024;09.00.00;6.3;124.0;186.0;1005.0;19.3;40.8;0.75
31/01/2024;10.00.00;7.0;106.0;159.0;1197.0;23.1;33.2;1.25
31/01/2024;11.00.00;6.5;106.0;159.0;1173.0;21.4;41.4;0.76
31/01/2024;12.00.00;7.2;110.0;165.0;890.0;21.6;31.7;1.38
31/01/2024;13.00.00;6.1;106.0;160.0;556.0;16.5;37.8;1.39
31/01/2024;14.00.00;7.4;116.0;174.0;918.0;19.0;35.2;0.7
31/01/2024;15.00.00;6.9;89.0;134.0;500.0;19.5;35.0;1.11
31/01/2024;16.00.00;6.6;92.0;138.0;500.0;16.2;39.5;0.59
31/01/2024;17.00.00;6.8;88.0;132.0;500.0;14.0;49.8;0.89
31/01/2024;18.00.00;15.0;209.0;314.0;649.0;15.3;51.8;1.21
31/01/2024;19.00.00;6.2;108.0;162.0;550.0;13.9;58.7;1.16
31/01/2024;20.00.00;4.6;86.0;130.0;520.0;14.0;59.3;1.12
31/01/2024;21.00.00;4.7;83.0;124.0;591.0;17.8;52.6;0.78
31/01/2024;22.00.00;12.1;165.0;248.0;607.0;17.2;73.6;0.88
31/01/2024;23.00.00;5.0;92.0;138.0;786.0;21.1;66.4;0.6
01/02/2024;00.00.00;13.1;141.0;212.0;500.0;19.1;67.6;1.22
01/02/2024;01.00.00;4.7;83.0;124.0;856.0;20.6;62.6;1.0
01/02/2024;02.00.00;5.2;92.0;138.0;1039.0;21.4;68.6;1.21
01/02/2024;03.00.00;12.3;179.0;268.0;899.0;21.3;55.1;0.75
01/02/2024;04.00.00;13.0;179.0;268.0;1208.0;26.0;60.5;0.82
01/02/2024;05.00.00;5.0;101.0;152.0;1154.0;29.2;43.5;0.83
01/02/2024;06.00.00;5.5;68.0;102.0;1481.0;24.2;53.4;0.53
01/02/2024;07.00.00;5.6;106.0;158.0;1438.0;23.5;40.7;0.84
01/02/2024;08.00.00;6.0;96.0;144.0;1072.0;22.8;43.9;1.3
01/02/2024;09.00.00;7.2;87.0;131.0;1059.0;22.2;46.2;1.4
01/02/2024;10.00.00;6.4;113.0;170.0;988.0;25.8;41.1;1.02
01/02/2024;11.00.00;8.3;123.0;185.0;831.0;19.9;41.6;0.96
01/02/2024;12.00.00;7.2;109.0;163.0;831.0;18.8;40.6;0.53
01/02/2024;13.00.00;7.1;119.0;179.0;575.0;16.2;32.9;1.38
01/02/2024;14.00.00;6.4;124.0;186.0;500.0;18.1;40.0;0.51
01/02/2024;15.00.00;7.1;119.0;178.0;617.0;16.3;30.8;1.44
01/02/2024;16.00.00;6.2;119.0;178.0;554.0;13.4;39.1;0.99
01/02/2024;17.00.00;6.3;106.0;159.0;500.0;13.4;53.1;0.84
01/02/2024;18.00.00;7.3;96.0;144.0;543.0;18.1;48.1;1.42
01/02/2024;19.00.00;5.7;75.0;113.0;500.0;15.2;44.5;0.52
01/02/2024;20.00.00;15.0;170.0;255.0;500.0;15.9;67.6;1.08
01/02/2024;21.00.00;4.9;76.0;114.0;648.0;16.7;63.4;1.05
01/02/2024;22.00.00;5.1;104.0;156.0;595.0;20.3;66.8;0.72
01/02/2024;23.00.00;5.9;79.0;118.0;769.0;16.6;59.6;0.93
02/02/2024;00.00.00;4.7;81.0;122.0;717.0;19.2;66.4;1.15
02/02/2024;01.00.00;5.9;86.0;129.0;872.0;21.0;65.8;1.23
02/02/2024;02.00.00;5.5;82.0;124.0;967.0;19.1;58.9;0.5
02/02/2024;03.00.00;12.5;203.0;304.0;963.0;21.7;59.8;1.44
02/02/2024;04.00.00;5.8;81.0;122.0;1118.0;26.4;50.0;0.66
02/02/2024;05.00.00;6.2;93.0;140.0;939.0;26.4;52.1;0.73
02/02/2024;06.00.00;6.3;88.0;131.0;1121.0;26.9;54.9;0.76
02/02/2024;07.00.00;5.5;86.0;129.0;1141.0;23.7;42.4;0.54
02/02/2024;08.00.00;6.1;96.0;145.0;1105.0;23.4;52.0;0.62
02/02/2024;09.00.00;6.6;105.0;158.0;1044.0;20.0;32.2;1.49
02/02/2024;10.00.00;6.8;104.0;156.0;990.0;24.4;35.7;0.82
02/02/2024;11.00.00;7.3;103.0;154.0;980.0;23.5;32.2;0.62
02/02/2024;12.00.00;7.1;96.0;144.0;940.0;22.2;34.1;0.61
02/02/2024;13.00.00;6.3;109.0;163.0;593.0;21.9;42.4;1.22
02/02/2024;14.00.00;7.1;93.0;139.0;500.0;18.3;32.1;1.35
02/02/2024;15.00.00;7.0;113.0;170.0;500.0;19.6;37.1;0.76
02/02/2024;16.00.00;6.8;103.0;155.0;500.0;15.3;45.8;0.52
02/02/2024;17.00.00;6.8;84.0;126.0;500.0;11.6;46.6;0.72
02/02/2024;18.00.00;6.4;92.0;138.0;500.0;16.7;50.9;0.56
02/02/2024;19.00.00;6.0;84.0;125.0;500.0;11.6;49.1;0.6
02/02/2024;20.00.00;5.5;91.0;136.0;500.0;16.0;57.1;0.93
02/02/2024;21.00.00;4.5;98.0;147.0;546.0;18.4;66.3;0.73
02/02/2024;22.00.00;5.3;63.0;95.0;695.0;18.1;54.9;1.02
02/02/2024;23.00.00;5.1;82.0;122.0;607.0;23.3;61.0;0.75
03/02/2024;00.00.00;12.8;157.0;235.0;734.0;16.1;55.9;1.44
03/02/2024;01.00.00;4.4;87.0;131.0;755.0;21.1;67.2;1.41
03/02/2024;02.00.00;4.6;84.0;126.0;995.0;22.5;69.1;1.07
03/02/2024;03.00.00;5.8;77.0;115.0;947.0;20.8;59.7;0.85
03/02/2024;04.00.00;5.5;84.0;126.0;1238.0;22.0;52.5;0.88
03/02/2024;05.00.00;6.1;83.0;125.0;901.0;23.1;49.0;0.91
03/02/2024;06.00.00;6.0;106.0;159.0;1142.0;22.8;48.5;1.23
03/02/2024;07.00.00;6.3;99.0;149.0;1235.0;24.6;44.6;0.95
03/02/2024;08.00.00;7.0;122.0;182.0;1176.0;23.1;47.1;1.36
03/02/2024;09.00.00;6.4;105.0;157.0;1514.0;24.2;36.0;1.44
03/02/2024;10.00.00;6.9;101.0;151.0;1056.0;23.8;39.2;0.84
03/02/2024;11.00.00;6.7;94.0;142.0;743.0;22.5;34.0;1.06
03/02/2024;12.00.00;6.8;92.0;138.0;785.0;19.2;31.3;0.6
03/02/2024;13.00.00;6.8;94.0;140.0;500.0;19.3;33.9;0.7
03/02/2024;14.00.00;7.0;111.0;166.0;587.0;19.6;38.7;0.91
03/02/2024;15.00.00;6.5;111.0;166.0;500.0;17.4;44.0;0.71
03/02/2024;16.00.00;7.1;87.0;130.0;600.0;19.4;41.2;1.38
03/02/2024;17.00.00;5.8;108.0;162.0;500.0;17.1;40.1;0.66
03/02/2024;18.00.00;5.9;90.0;135.0;500.0;18.4;55.0;0.96
03/02/2024;19.00.00;5.5;93.0;139.0;500.0;10.2;49.4;1.11
03/02/2024;20.00.00;6.2;104.0;155.0;732.0;15.9;58.8;1.19
03/02/2024;21.00.00;5.4;93.0;140.0;500.0;15.8;60.5;0.88
03/02/2024;22.00.00;5.6;79.0;119.0;893.0;17.3;62.2;1.37
03/02/2024;23.00.00;4.3;72.0;107.0;827.0;17.1;62.1;1.07
04/02/2024;00.00.00;5.1;58.0;88.0;877.0;20.8;68.1;0.94
04/02/2024;01.00.00;5.5;73.0;110.0;963.0;17.7;46.6;0.57
04/02/2024;02.00.00;5.2;80.0;120.0;1063.0;23.3;68.7;0.96
04/02/2024;03.00.00;5.8;75.0;112.0;774.0;22.0;56.0;1.32
04/02/2024;04.00.00;5.2;86.0;129.0;1102.0;23.3;59.5;1.11
04/02/2024;05.00.00;6.4;92.0;138.0;1322.0;25.7;55.7;1.33
04/02/2024;06.00.00;7.1;93.0;139.0;1192.0;25.2;56.4;0.99
04/02/2024;07.00.00;6.1;92.0;139.0;962.0;26.9;47.1;0.62
04/02/2024;08.00.00;6.3;104.0;156.0;1138.0;22.4;38.4;0.51
04/02/2024;09.00.00;7.4;110.0;165.0;1355.0;23.4;31.4;0.8
04/02/2024;10.00.00;7.7;97.0;146.0;1200.0;24.3;35.3;1.2
04/02/2024;11.00.00;6.7;124.0;185.0;894.0;22.0;25.7;1.29
04/02/2024;12.00.00;6.8;109.0;164.0;952.0;20.9;31.9;0.8
04/02/2024;13.00.00;6.8;110.0;165.0;638.0;20.9;34.0;1.0
04/02/2024;14.00.00;6.2;115.0;173.0;500.0;16.7;33.6;0.92
04/02/2024;15.00.00;6.2;108.0;162.0;500.0;15.2;39.6;0.91
04/02/2024;16.00.00;6.0;112.0;168.0;704.0;16.8;41.3;0.73
04/02/2024;17.00.00;5.9;102.0;153.0;500.0;14.9;44.5;0.64
04/02/2024;18.00.00;6.0;89.0;133.0;500.0;17.2;37.9;0.7
04/02/2024;19.00.00;5.9;95.0;142.0;500.0;15.9;47.4;0.56
04/02/2024;20.00.00;6.3;76.0;114.0;758.0;14.4;60.7;0.7
04/02/2024;21.00.00;4.8;85.0;128.0;777.0;17.1;64.6;0.51
04/02/2024;22.00.00;5.6;82.0;123.0;955.0;15.7;53.8;1.13
04/02/2024;23.00.00;4.9;78.0;118.0;671.0;20.6;60.4;0.82
05/02/2024;00.00.00;5.0;79.0;118.0;847.0;17.2;70.4;1.47
05/02/2024;01.00.00;5.4;62.0;93.0;661.0;23.7;60.9;0.69
05/02/2024;02.00.00;4.6;77.0;115.0;1236.0;23.1;62.4;0.85
05/02/2024;03.00.00;5.5;85.0;128.0;896.0;23.2;67.8;0.86
05/02/2024;04.00.00;5.6;89.0;134.0;1181.0;25.9;55.7;0.51
05/02/2024;05.00.00;6.0;81.0;121.0;1011.0;25.9;51.4;1.34
05/02/2024;06.00.00;6.1;108.0;161.0;1106.0;27.7;49.2;0.53
05/02/2024;07.00.00;7.5;90.0;135.0;1052.0;27.5;55.4;1.44
05/02/2024;08.00.00;6.2;112.0;168.0;1049.0;25.0;44.7;1.39
05/02/2024;09.00.00;6.4;110.0;165.0;997.0;21.8;39.5;1.04
05/02/2024;10.00.00;6.6;102.0;152.0;912.0;21.4;34.4;1.04
05/02/2024;11.00.00;6.7;127.0;191.0;1037.0;21.2;38.2;1.15
05/02/2024;12.00.00;6.7;98.0;147.0;623.0;22.2;38.3;0.89
05/02/2024;13.00.00;7.6;119.0;178.0;732.0;17.8;30.1;1.15
05/02/2024;14.00.00;7.6;118.0;177.0;795.0;16.8;40.4;0.54
05/02/2024;15.00.00;6.4;99.0;148.0;500.0;20.2;38.6;0.55
05/02/2024;16.00.00;6.1;116.0;175.0;500.0;15.5;42.6;0.96
05/02/2024;17.00.00;6.5;96.0;145.0;500.0;13.9;41.7;1.05
05/02/2024;18.00.00;5.7;98.0;147.0;589.0;16.6;48.0;1.39
05/02/2024;19.00.00;6.1;94.0;141.0;500.0;15.1;48.7;0.6
05/02/2024;20.00.00;5.6;86.0;129.0;500.0;12.9;52.1;1.32
05/02/2024;21.00.00;4.5;93.0;139.0;595.0;18.5;62.5;0.71
05/02/2024;22.00.00;5.9;90.0;135.0;500.0;16.0;61.2;0.89
05/02/2024;23.00.00;5.9;63.0;95.0;805.0;18.8;58.0;0.82
06/02/2024;00.00.00;4.7;93.0;140.0;865.0;19.9;75.9;0.9
06/02/2024;01.00.00;4.8;64.0;96.0;854.0;21.8;58.9;0.65
06/02/2024;02.00.00;5.3;92.0;139.0;866.0;18.1;68.5;1.0
06/02/2024;03.00.00;5.5;96.0;143.0;941.0;22.9;53.2;1.3
06/02/2024;04.00.00;5.8;77.0;115.0;1232.0;26.6;59.8;0.94
06/02/2024;05.00.00;6.7;87.0;131.0;1383.0;27.4;52.6;0.99
06/02/2024;06.00.00;5.9;84.0;126.0;1098.0;23.0;46.9;1.35
06/02/2024;07.00.00;5.9;97.0;145.0;1260.0;26.7;47.1;1.21
06/02/2024;08.00.00;14.5;199.0;298.0;812.0;22.8;42.8;0.99
06/02/2024;09.00.00;6.3;113.0;170.0;989.0;22.8;35.3;0.76
06/02/2024;10.00.00;6.8;121.0;182.0;995.0;21.9;32.7;1.38
06/02/2024;11.00.00;7.9;123.0;185.0;758.0;21.5;27.6;1.08
06/02/2024;12.00.00;6.7;104.0;157.0;650.0;22.0;36.5;0.72
06/02/2024;13.00.00;7.1;107.0;161.0;590.0;19.2;29.2;0.77
06/02/2024;14.00.00;6.9;91.0;137.0;647.0;17.2;37.0;1.3
06/02/2024;15.00.00;7.3;98.0;146.0;500.0;18.4;42.4;0.54
06/02/2024;16.00.00;7.8;112.0;168.0;500.0;14.1;43.5;1.49
06/02/2024;17.00.00;6.0;115.0;173.0;500.0;15.0;42.5;0.63
06/02/2024;18.00.00;5.8;83.0;124.0;500.0;17.0;54.5;1.3
06/02/2024;19.00.00;6.3;85.0;128.0;500.0;16.2;51.8;0.89
06/02/2024;20.00.00;5.8;87.0;131.0;500.0;14.7;50.8;0.99
06/02/2024;21.00.00;6.2;87.0;131.0;500.0;13.4;59.2;1.38
06/02/2024;22.00.00;5.4;74.0;111.0;516.0;18.1;65.9;0.91
06/02/2024;23.00.00;4.9;85.0;127.0;919.0;15.5;61.1;1.04
07/02/2024;00.00.00;5.3;75.0;113.0;738.0;19.6;69.4;0.55
07/02/2024;01.00.00;5.6;80.0;121.0;965.0;23.7;60.6;0.5
07/02/2024;02.00.00;13.9;175.0;262.0;1023.0;23.7;59.8;0.74
07/02/2024;03.00.00;5.5;84.0;127.0;742.0;19.5;55.4;1.18
07/02/2024;04.00.00;6.0;83.0;125.0;1269.0;24.7;60.9;0.62
07/02/2024;05.00.00;6.3;90.0;135.0;1221.0;24.2;53.6;0.61
07/02/2024;06.00.00;6.7;94.0;141.0;1281.0;22.5;45.1;0.91
07/02/2024;07.00.00;6.6;95.0;143.0;1815.0;25.5;44.1;1.15
07/02/2024;08.00.00;6.4;100.0;150.0;813.0;23.3;27.1;1.21
07/02/2024;09.00.00;15.0;243.0;365.0;1359.0;22.6;43.3;0.68
07/02/2024;10.00.00;7.5;114.0;170.0;954.0;22.7;36.2;0.58
07/02/2024;11.00.00;6.6;107.0;160.0;950.0;20.0;23.5;1.44
07/02/2024;12.00.00;7.2;117.0;175.0;793.0;20.2;27.7;0.76
07/02/2024;13.00.00;6.8;106.0;159.0;629.0;17.5;33.4;1.35
07/02/2024;14.00.00;6.9;120.0;180.0;509.0;16.4;30.4;1.36
07/02/2024;15.00.00;7.3;109.0;164.0;570.0;18.5;43.4;1.27
07/02/2024;16.00.00;6.6;101.0;152.0;500.0;17.9;44.6;0.67
07/02/2024;17.00.00;6.3;103.0;155.0;534.0;11.8;47.9;1.32
07/02/2024;18.00.00;5.3;79.0;119.0;500.0;16.5;37.0;1.27
07/02/2024;19.00.00;6.1;80.0;120.0;500.0;18.0;51.3;1.1
07/02/2024;20.00.00;5.8;76.0;113.0;500.0;18.8;54.0;0.84
07/02/2024;21.00.00;6.4;86.0;129.0;718.0;17.5;55.8;0.76
07/02/2024;22.00.00;5.0;99.0;149.0;514.0;15.4;60.9;0.62
07/02/2024;23.00.00;5.1;103.0;154.0;754.0;20.0;58.9;1.01
08/02/2024;00.00.00;5.1;86.0;130.0;683.0;18.3;66.1;1.09
08/02/2024;01.00.00;5.8;86.0;128.0;1025.0;20.6;68.3;0.86
08/02/2024;02.00.00;5.1;64.0;96.0;1110.0;23.3;66.4;0.98
08/02/2024;03.00.00;5.4;79.0;118.0;1379.0;21.9;59.9;0.86
08/02/2024;04.00.00;5.8;80.0;119.0;1118.0;22.0;67.5;1.14
08/02/2024;05.00.00;5.8;85.0;127.0;1293.0;25.8;59.6;1.4
08/02/2024;06.00.00;5.8;93.0;140.0;1216.0;28.7;49.5;0.66
08/02/2024;07.00.00;6.4;94.0;141.0;1394.0;27.3;43.7;0.88
08/02/2024;08.00.00;7.0;83.0;124.0;1031.0;25.7;49.2;0.64
08/02/2024;09.00.00;6.2;113.0;170.0;1202.0;25.5;44.4;1.12
08/02/2024;10.00.00;6.9;97.0;146.0;969.0;23.8;30.0;1.23
08/02/2024;11.00.00;6.6;112.0;168.0;893.0;22.2;40.9;1.43
08/02/2024;12.00.00;15.0;261.0;392.0;815.0;21.8;34.2;0.78
08/02/2024;13.00.00;6.2;100.0;150.0;737.0;16.0;31.2;1.45
08/02/2024;14.00.00;6.6;83.0;124.0;581.0;17.9;27.1;0.56
08/02/2024;15.00.00;6.9;103.0;154.0;552.0;16.3;38.0;1.1
08/02/2024;16.00.00;7.3;114.0;170.0;706.0;15.8;42.4;0.56
08/02/2024;17.00.00;6.2;118.0;178.0;571.0;14.2;54.1;1.39
08/02/2024;18.00.00;5.7;83.0;124.0;539.0;16.0;54.8;1.03
08/02/2024;19.00.00;6.7;96.0;144.0;500.0;13.5;51.0;1.17
08/02/2024;20.00.00;4.8;83.0;124.0;500.0;14.6;59.4;1.33
08/02/2024;21.00.00;4.2;83.0;125.0;670.0;15.2;64.7;0.65
08/02/2024;22.00.00;5.4;108.0;163.0;740.0;19.2;63.4;0.54
08/02/2024;23.00.00;4.8;65.0;98.0;932.0;18.7;61.6;1.38
09/02/2024;00.00.00;4.5;83.0;124.0;703.0;19.1;62.3;0.81
09/02/2024;01.00.00;5.4;85.0;128.0;867.0;20.5;66.4;0.63
09/02/2024;02.00.00;5.3;93.0;139.0;738.0;22.5;65.1;0.97
09/02/2024;03.00.00;5.0;85.0;128.0;1020.0;26.8;59.1;1.1
09/02/2024;04.00.00;4.9;91.0;136.0;1306.0;21.9;44.4;0.53
09/02/2024;05.00.00;6.2;87.0;131.0;1112.0;26.2;47.4;0.77
09/02/2024;06.00.00;6.3;98.0;147.0;1302.0;25.9;53.1;0.53
09/02/2024;07.00.00;6.2;95.0;143.0;1156.0;23.1;35.5;0.92
09/02/2024;08.00.00;7.4;109.0;163.0;1198.0;27.3;48.4;1.4
09/02/2024;09.00.00;6.2;102.0;153.0;899.0;24.6;44.6;1.48
09/02/2024;10.00.00;6.1;112.0;168.0;1014.0;21.5;37.2;1.14
09/02/2024;11.00.00;6.6;109.0;164.0;500.0;17.6;38.5;0.66
09/02/2024;12.00.00;7.0;121.0;182.0;770.0;20.5;37.6;1.41
09/02/2024;13.00.00;7.1;109.0;163.0;500.0;18.6;34.9;1.02
09/02/2024;14.00.00;6.7;90.0;135.0;793.0;15.4;30.1;0.65
09/02/2024;15.00.00;6.9;118.0;177.0;642.0;14.4;44.2;1.42
09/02/2024;16.00.00;14.7;187.0;280.0;528.0;17.4;49.5;1.26
09/02/2024;17.00.00;7.0;92.0;139.0;657.0;11.3;40.1;1.23
09/02/2024;18.00.00;6.0;89.0;134.0;500.0;15.6;42.9;1.21
09/02/2024;19.00.00;6.3;105.0;157.0;693.0;14.8;53.2;0.7
09/02/2024;20.00.00;5.7;66.0;99.0;603.0;16.7;54.4;0.71
09/02/2024;21.00.00;5.5;116.0;174.0;500.0;15.9;61.3;1.19
09/02/2024;22.00.00;5.4;93.0;139.0;782.0;18.1;69.0;0.72
09/02/2024;23.00.00;5.3;83.0;124.0;519.0;17.2;53.3;0.94
10/02/2024;00.00.00;5.3;79.0;119.0;668.0;19.9;72.9;1.28
10/02/2024;01.00.00;5.7;83.0;125.0;806.0;22.3;62.5;1.28
10/02/2024;02.00.00;5.2;87.0;131.0;915.0;22.8;65.5;0.95
10/02/2024;03.00.00;5.6;91.0;136.0;914.0;24.3;63.7;1.29
10/02/2024;04.00.00;5.5;93.0;140.0;1342.0;22.5;61.2;1.34
10/02/2024;05.00.00;6.5;92.0;138.0;1145.0;23.6;54.2;1.15
10/02/2024;06.00.00;5.7;93.0;140.0;1256.0;23.9;51.5;0.73
10/02/2024;07.00.00;15.0;195.0;292.0;1095.0;24.3;47.6;0.77
10/02/2024;08.00.00;6.5;101.0;151.0;855.0;27.0;39.3;0.81
10/02/2024;09.00.00;6.0;117.0;175.0;1126.0;22.8;30.6;0.62
10/02/2024;10.00.00;6.9;114.0;171.0;694.0;20.2;30.9;0.77
10/02/2024;11.00.00;6.6;80.0;120.0;893.0;22.4;35.0;0.71
10/02/2024;12.00.00;7.4;117.0;175.0;581.0;22.7;31.1;0.96
10/02/2024;13.00.00;6.6;111.0;167.0;1014.0;16.2;31.6;1.41
10/02/2024;14.00.00;6.6;108.0;162.0;746.0;21.4;46.0;0.6
10/02/2024;15.00.00;5.8;102.0;153.0;534.0;17.3;43.7;1.22
10/02/2024;16.00.00;6.3;114.0;171.0;656.0;17.7;41.2;1.19
10/02/2024;17.00.00;5.0;108.0;163.0;500.0;18.1;49.5;0.6
10/02/2024;18.00.00;5.2;87.0;131.0;500.0;16.9;47.9;1.42
10/02/2024;19.00.00;6.1;95.0;143.0;500.0;14.9;54.4;1.07
10/02/2024;20.00.00;5.9;78.0;117.0;500.0;18.1;59.7;0.86
10/02/2024;21.00.00;5.5;71.0;106.0;721.0;17.0;58.5;1.26
10/02/2024;22.00.00;4.7;76.0;114.0;717.0;19.7;59.6;0.76
10/02/2024;23.00.00;12.5;178.0;267.0;743.0;21.1;70.6;1.19
11/02/2024;00.00.00;5.0;90.0;134.0;535.0;17.8;68.1;0.54
11/02/2024;01.00.00;4.5;86.0;128.0;750.0;22.9;53.2;1.34
11/02/2024;02.00.00;5.9;89.0;134.0;980.0;22.1;59.6;0.95
11/02/2024;03.00.00;5.7;90.0;134.0;1098.0;23.8;56.7;1.14
11/02/2024;04.00.00;13.5;162.0;243.0;966.0;24.6;54.4;0.72
11/02/2024;05.00.00;5.8;95.0;143.0;1572.0;25.0;58.2;1.18
11/02/2024;06.00.00;15.0;206.0;309.0;1443.0;28.0;50.1;1.27
11/02/2024;07.00.00;5.2;106.0;160.0;1283.0;22.1;39.2;0.97
11/02/2024;08.00.00;6.4;114.0;172.0;1158.0;20.9;40.6;1.12
11/02/2024;09.00.00;6.4;113.0;169.0;1049.0;19.7;42.1;0.96
11/02/2024;10.00.00;15.0;223.0;335.0;848.0;24.6;35.9;1.39
11/02/2024;11.00.00;6.8;120.0;180.0;916.0;19.7;32.3;1.0
11/02/2024;12.00.00;7.9;110.0;165.0;841.0;20.3;36.7;1.34
11/02/2024;13.00.00;7.3;101.0;151.0;500.0;18.5;43.6;1.3
11/02/2024;14.00.00;6.6;106.0;160.0;653.0;15.7;39.3;0.91
11/02/2024;15.00.00;7.0;98.0;147.0;500.0;18.2;45.9;0.73
